"Mots commençant par ""er""","Mots contenant ""er""","Mots finissant par ""er"""
erreur,terre,tuer
,fermier,fermier
,proverbe,louer
,chercher,premier
,personne,chercher
,ferme,regarder
,perle,toucher
,dernier,cahier
,mercredi,jouer
,moderne,plumier
,perche,dernier
,caverne,entier
,couverture,fer
,découverte,murmurer
,herbe,papier
,merle,singulier
,ouverture,tourner
,serviteur,chevalier
,superbe,couper
,terme,crier
,verdure,fumer
,verger,grenier
,avertir,janvier
,boulangerie,jardinier
,forgeron,laver
,gerbe,marcher
,intervenir,tablier
,ménagerie,verger
,perte,boulanger
,serviable,écolier
,vernir,engager
,éternel,escalier
,liberté,hier
,merveille,hiver
,perdre,manger
,pierre,marquer
,traverser,ouvrier
,vert,plonger
,vierge,pratiquer
,berger,calculer
,dangereux,comparer
,enfermer,contribuer
,merci,dépenser
,perfection,échapper
,réserve,encrier
,servir,gibier
,averse,journalier
,cercle,lever
,conversation,livrer
,énergie,mer
,guerre,métier
,personnage,mirer
,recherche,obliger
,servante,panier
,service,rentrer
,souverain,rocher
,terreur,tomber
,terrible,traverser
,vertu,aimer
,auberge,avaler
,cerisier,avouer
,couvercle,berger
,galerie,cacher
,maternel,continuer
,rechercher,couler
,terrain,enfermer
,berceau,infirmier
,cerise,lécher
,commerce,ménager
,couvert,menuisier
,empereur,monter
,éternité,parler
,fermer,particulier
,remercier,pêcher
,reverdir,reculer
,terminer,retrouver
,terrestre,ronger
,verre,sauver
,alerte,songer
,convertir,sonner
,dernièrement,souper
,ferveur,travailler
,germer,voltiger
,gouvernement,acheter
,gouverner,ajouter
,imperméable,aller
,inerte,approcher
,observation,bavarder
,préserver,briser
,sergent,chanter
,serviette,charmer
,terrier,cher
,verser,clocher
,adversaire,colorer
,conserver,copier
,dessert,coucher
,déterminer,danger
,émerveiller,désigner
,énergique,détester
,ferrer,dévouer
,merveilleusement,diviser
,percher,écouter
,permettre,escalader
,personnel,étudier
,perspective,fabriquer
,refermer,fatiguer
,renverser,jurer
,serrure,laitier
,enterrer,lier
,interdire,mener
,lanterne,nager
,betterave,osier
,cerf,peuplier
,certain,pleurer
,divers,purifier
,interroger,remonter
,marguerite,respecter
,merveilleux,rosier
,observer,rouler
,permission,sauter
,persuader,semer
,remerciement,soulager
,réserver,soulier
,serrer,trouver
,,visiter
,,arracher
,,boucher
,,broyer
,,cerisier
,,consoler
,,constater
,,cultiver
,,déborder
,,délivrer
,,diriger
,,douter
,,éclater
,,exprimer
,,faucher
,,forger
,,former
,,garder
,,graver
,,gronder
,,irriter
,,mélanger
,,montrer
,,neiger
,,noyer
,,partager
,,planter
,,présenter
,,prier
,,ramener
,,rechercher
,,redoubler
,,redouter
,,regagner
,,réparer
,,replier
,,rester
,,ruiner
,,sacrifier
,,saluer
,,secouer
,,soigner
,,soulever
,,soupirer
,,tirer
,,vider
,,abriter
,,abuser
,,aspirer
,,atelier
,,attirer
,,attribuer
,,bouder
,,causer
,,changer
,,contrarier
,,courber
,,décider
,,déplacer
,,dérober
,,deviner
,,disposer
,,distribuer
,,dominer
,,donner
,,durer
,,enseigner
,,expirer
,,fermer
,,février
,,fier
,,fruitier
,,griffer
,,jeter
,,juger
,,labourer
,,libérer
,,loger
,,onduler
,,peupler
,,piquer
,,poirier
,,pommier
,,poser
,,pousser
,,préparer
,,prisonnier
,,raconter
,,raser
,,régulier
,,remercier
,,retourner
,,rider
,,savourer
,,sentier
,,surveiller
,,tarder
,,terminer
,,vénérer
,,vérifier
,,activer
,,allonger
,,amuser
,,arriver
,,banquier
,,boucler
,,calendrier
,,calmer
,,charger
,,chasser
,,chausser
,,claquer
,,coiffer
,,constituer
,,couver
,,déchirer
,,décorer
,,décourager
,,déjeuner
,,déranger
,,désoler
,,dessiner
,,détourner
,,échanger
,,encourager
,,enlever
,,épauler
,,éprouver
,,épuiser
,,estimer
,,étonner
,,étranger
,,éviter
,,favoriser
,,fêter
,,forestier
,,gagner
,,geler
,,germer
,,gouverner
,,imiter
,,inspirer
,,léger
,,manifester
,,marier
,,moquer
,,officier
,,passer
,,peser
,,placer
,,plier
,,pompier
,,préserver
,,proclamer
,,procurer
,,profiter
,,promener
,,proposer
,,protéger
,,ranimer
,,récolter
,,régaler
,,régler
,,remplacer
,,remuer
,,répéter
,,représenter
,,respirer
,,retomber
,,signer
,,situer
,,témoigner
,,terrier
,,transporter
,,troubler
,,verser
,,voyager
,,aborder
,,accorder
,,achever
,,admirer
,,adorer
,,agrémenter
,,amener
,,autoriser
,,balancer
,,bouger
,,broder
,,brouter
,,chauffer
,,clouer
,,compliquer
,,confier
,,conserver
,,contenter
,,danser
,,débiter
,,déclarer
,,demander
,,déposer
,,détacher
,,déterminer
,,dévorer
,,diminuer
,,dîner
,,dispenser
,,disputer
,,doubler
,,écouler
,,égarer
,,émerveiller
,,emporter
,,enfoncer
,,entonner
,,envier
,,épouser
,,étaler
,,expliquer
,,faciliter
,,ferrer
,,figurer
,,foyer
,,illuminer
,,indiquer
,,informer
,,inviter
,,invoquer
,,isoler
,,longer
,,manier
,,manquer
,,marchander
,,méditer
,,nommer
,,oranger
,,organiser
,,pardonner
,,participer
,,payer
,,pencher
,,percher
,,plancher
,,porter
,,prouver
,,réconforter
,,refermer
,,refuser
,,remarquer
,,rencontrer
,,renverser
,,reprocher
,,risquer
,,sembler
,,signifier
,,transformer
,,tromper
,,trouer
,,utiliser
,,varier
,,venger
,,voler
,,acharner
,,aider
,,allumer
,,armer
,,arroser
,,assurer
,,attaquer
,,avancer
,,aviser
,,border
,,butiner
,,casser
,,combler
,,commencer
,,consacrer
,,consulter
,,cordonnier
,,corriger
,,creuser
,,crever
,,débarquer
,,déboucher
,,décéder
,,décharger
,,découper
,,dégager
,,déménager
,,demeurer
,,discuter
,,économiser
,,effacer
,,élever
,,embrasser
,,encadrer
,,enterrer
,,entrer
,,éveiller
,,expédier
,,flotter
,,forcer
,,fouetter
,,frapper
,,glisser
,,honorer
,,hurler
,,ignorer
,,implorer
,,imprimer
,,incliner
,,limiter
,,lutter
,,mériter
,,meunier
,,opérer
,,orner
,,planer
,,potager
,,précipiter
,,presser
,,printanier
,,priver
,,prolonger
,,prononcer
,,provoquer
,,quitter
,,rassurer
,,réaliser
,,réclamer
,,réformer
,,réfugier
,,renoncer
,,reporter
,,résister
,,retirer
,,signaler
,,succéder
,,surmonter
,,sursauter
,,trancher
,,trembler
,,tricoter
,,veiller
,,voiler
,,acclamer
,,accuser
,,acier
,,adopter
,,adresser
,,aérer
,,animer
,,apporter
,,assister
,,baisser
,,cesser
,,circuler
,,composer
,,craquer
,,désirer
,,destiner
,,écarter
,,éclairer
,,édifier
,,élancer
,,envoyer
,,espérer
,,étirer
,,exposer
,,fixer
,,froisser
,,frotter
,,grimper
,,grossier
,,habiter
,,illustrer
,,imaginer
,,interroger
,,manoeuvrer
,,mendier
,,mesurer
,,millier
,,négliger
,,observer
,,occuper
,,ordonner
,,parfumer
,,pénétrer
,,persuader
,,prêcher
,,rejeter
,,relever
,,remporter
,,renouveler
,,repasser
,,reposer
,,réserver
,,sautiller
,,séparer
,,serrer
,,stationner
,,taquiner
,,tinter
,,viser
